SQL> --SQLPLUS 자페 명령어 중 한 라인에 들어갈 글자 수 늘리기
SQL> SET LKINE 400
SP2-0158: unknown SET option "LKINE"
SQL> SET LINE 40-0
SP2-0268: linesize option not a valid number
SQL> SET LINE 300
SQL> SET LINE 400
SQL> SELECT * FROM EMP;

     EMPNO ENAME                JOB                       MGR HIREDATE        SAL       COMM     DEPTNO                                                                                                                                                                                                                                                                                                         
---------- -------------------- ------------------ ---------- -------- ---------- ---------- ----------                                                                                                                                                                                                                                                                                                         
      7369 SMITH                CLERK                    7902 80/12/17        800                    20                                                                                                                                                                                                                                                                                                         
      7499 ALLEN                SALESMAN                 7698 81/02/20       1600        300         30                                                                                                                                                                                                                                                                                                         
      7521 WARD                 SALESMAN                 7698 81/02/22       1250        500         30                                                                                                                                                                                                                                                                                                         
      7566 JONES                MANAGER                  7839 81/04/02       2975                    20                                                                                                                                                                                                                                                                                                         
      7654 MARTIN               SALESMAN                 7698 81/09/28       1250       1400         30                                                                                                                                                                                                                                                                                                         
      7698 BLAKE                MANAGER                  7839 81/05/01       2850                    30                                                                                                                                                                                                                                                                                                         
      7782 CLARK                MANAGER                  7839 81/06/09       2450                    10                                                                                                                                                                                                                                                                                                         
      7788 SCOTT                ANALYST                  7566 87/04/19       3000                    20                                                                                                                                                                                                                                                                                                         
      7839 KING                 PRESIDENT                     81/11/17       5000                    10                                                                                                                                                                                                                                                                                                         
      7844 TURNER               SALESMAN                 7698 81/09/08       1500          0         30                                                                                                                                                                                                                                                                                                         
      7876 ADAMS                CLERK                    7788 87/05/23       1100                    20                                                                                                                                                                                                                                                                                                         

     EMPNO ENAME                JOB                       MGR HIREDATE        SAL       COMM     DEPTNO                                                                                                                                                                                                                                                                                                         
---------- -------------------- ------------------ ---------- -------- ---------- ---------- ----------                                                                                                                                                                                                                                                                                                         
      7900 JAMES                CLERK                    7698 81/12/03        950                    30                                                                                                                                                                                                                                                                                                         
      7902 FORD                 ANALYST                  7566 81/12/03       3000                    20                                                                                                                                                                                                                                                                                                         
      7934 MILLER               CLERK                    7782 82/01/23       1300                    10                                                                                                                                                                                                                                                                                                         

14 rows selected.

SQL> SELECT LINE 600
  2  ;
SELECT LINE 600
            *
ERROR at line 1:
ORA-00923: FROM keyword not found where expected 


SQL> SET LINE 600
SQL> SELECT * FROM EMP;L
  2  ;
SELECT * FROM EMP;L
                 *
ERROR at line 1:
ORA-00911: invalid character 


SQL> CD
SP2-0042: unknown command "CD" - rest of line ignored.
SQL> ED
Wrote file afiedt.buf

  1* SELECT * FROM EMP
SQL> /

     EMPNO ENAME                JOB                       MGR HIREDATE        SAL       COMM     DEPTNO                                                                                                                                                                                                                                                                                                                                                                                                                                                                                                                 
---------- -------------------- ------------------ ---------- -------- ---------- ---------- ----------                                                                                                                                                                                                                                                                                                                                                                                                                                                                                                                 
      7369 SMITH                CLERK                    7902 80/12/17        800                    20                                                                                                                                                                                                                                                                                                                                                                                                                                                                                                                 
      7499 ALLEN                SALESMAN                 7698 81/02/20       1600        300         30                                                                                                                                                                                                                                                                                                                                                                                                                                                                                                                 
      7521 WARD                 SALESMAN                 7698 81/02/22       1250        500         30                                                                                                                                                                                                                                                                                                                                                                                                                                                                                                                 
      7566 JONES                MANAGER                  7839 81/04/02       2975                    20                                                                                                                                                                                                                                                                                                                                                                                                                                                                                                                 
      7654 MARTIN               SALESMAN                 7698 81/09/28       1250       1400         30                                                                                                                                                                                                                                                                                                                                                                                                                                                                                                                 
      7698 BLAKE                MANAGER                  7839 81/05/01       2850                    30                                                                                                                                                                                                                                                                                                                                                                                                                                                                                                                 
      7782 CLARK                MANAGER                  7839 81/06/09       2450                    10                                                                                                                                                                                                                                                                                                                                                                                                                                                                                                                 
      7788 SCOTT                ANALYST                  7566 87/04/19       3000                    20                                                                                                                                                                                                                                                                                                                                                                                                                                                                                                                 
      7839 KING                 PRESIDENT                     81/11/17       5000                    10                                                                                                                                                                                                                                                                                                                                                                                                                                                                                                                 
      7844 TURNER               SALESMAN                 7698 81/09/08       1500          0         30                                                                                                                                                                                                                                                                                                                                                                                                                                                                                                                 
      7876 ADAMS                CLERK                    7788 87/05/23       1100                    20                                                                                                                                                                                                                                                                                                                                                                                                                                                                                                                 

     EMPNO ENAME                JOB                       MGR HIREDATE        SAL       COMM     DEPTNO                                                                                                                                                                                                                                                                                                                                                                                                                                                                                                                 
---------- -------------------- ------------------ ---------- -------- ---------- ---------- ----------                                                                                                                                                                                                                                                                                                                                                                                                                                                                                                                 
      7900 JAMES                CLERK                    7698 81/12/03        950                    30                                                                                                                                                                                                                                                                                                                                                                                                                                                                                                                 
      7902 FORD                 ANALYST                  7566 81/12/03       3000                    20                                                                                                                                                                                                                                                                                                                                                                                                                                                                                                                 
      7934 MILLER               CLERK                    7782 82/01/23       1300                    10                                                                                                                                                                                                                                                                                                                                                                                                                                                                                                                 

14 rows selected.

SQL> SELECT ENAME, DEPTNO,SAL FROM EMP;

ENAME                    DEPTNO        SAL                                                                                                                                                                                                                                                                                                                                                                                                                                                                                                                                                                              
-------------------- ---------- ----------                                                                                                                                                                                                                                                                                                                                                                                                                                                                                                                                                                              
SMITH                        20        800                                                                                                                                                                                                                                                                                                                                                                                                                                                                                                                                                                              
ALLEN                        30       1600                                                                                                                                                                                                                                                                                                                                                                                                                                                                                                                                                                              
WARD                         30       1250                                                                                                                                                                                                                                                                                                                                                                                                                                                                                                                                                                              
JONES                        20       2975                                                                                                                                                                                                                                                                                                                                                                                                                                                                                                                                                                              
MARTIN                       30       1250                                                                                                                                                                                                                                                                                                                                                                                                                                                                                                                                                                              
BLAKE                        30       2850                                                                                                                                                                                                                                                                                                                                                                                                                                                                                                                                                                              
CLARK                        10       2450                                                                                                                                                                                                                                                                                                                                                                                                                                                                                                                                                                              
SCOTT                        20       3000                                                                                                                                                                                                                                                                                                                                                                                                                                                                                                                                                                              
KING                         10       5000                                                                                                                                                                                                                                                                                                                                                                                                                                                                                                                                                                              
TURNER                       30       1500                                                                                                                                                                                                                                                                                                                                                                                                                                                                                                                                                                              
ADAMS                        20       1100                                                                                                                                                                                                                                                                                                                                                                                                                                                                                                                                                                              

ENAME                    DEPTNO        SAL                                                                                                                                                                                                                                                                                                                                                                                                                                                                                                                                                                              
-------------------- ---------- ----------                                                                                                                                                                                                                                                                                                                                                                                                                                                                                                                                                                              
JAMES                        30        950                                                                                                                                                                                                                                                                                                                                                                                                                                                                                                                                                                              
FORD                         20       3000                                                                                                                                                                                                                                                                                                                                                                                                                                                                                                                                                                              
MILLER                       10       1300                                                                                                                                                                                                                                                                                                                                                                                                                                                                                                                                                                              

14 rows selected.

SQL> SELECT ENAME, DEPNO, SAL
  2  FROM EMP,DEPT
  3  WHERE EMP.DE;
WHERE EMP.DE
           *
ERROR at line 3:
ORA-00920: invalid relational operator 


SQL> --원래 하나였던 EMP와 DEPT를 다시 합쳐서 보여주자!
SQL> SELECT ENAME,SAL,DNAME, LOC
  2  FROM EMP LEFT JOIN  DEPT;
FROM EMP LEFT JOIN  DEPT
                       *
ERROR at line 2:
ORA-00905: missing keyword 


SQL> SELECT ENAME,SAL,DNAME,LOC
  2  FROM EMP LEFT JOIN DEPT;
FROM EMP LEFT JOIN DEPT
                      *
ERROR at line 2:
ORA-00905: missing keyword 


SQL> SELECT ENAME,SAL,DNAME,LOC
  2  FROM EMP,DEPT;

ENAME                       SAL DNAME                        LOC                                                                                                                                                                                                                                                                                                                                                                                                                                                                                                                                                        
-------------------- ---------- ---------------------------- --------------------------                                                                                                                                                                                                                                                                                                                                                                                                                                                                                                                                 
SMITH                       800 ACCOUNTING                   NEW YORK                                                                                                                                                                                                                                                                                                                                                                                                                                                                                                                                                   
ALLEN                      1600 ACCOUNTING                   NEW YORK                                                                                                                                                                                                                                                                                                                                                                                                                                                                                                                                                   
WARD                       1250 ACCOUNTING                   NEW YORK                                                                                                                                                                                                                                                                                                                                                                                                                                                                                                                                                   
JONES                      2975 ACCOUNTING                   NEW YORK                                                                                                                                                                                                                                                                                                                                                                                                                                                                                                                                                   
MARTIN                     1250 ACCOUNTING                   NEW YORK                                                                                                                                                                                                                                                                                                                                                                                                                                                                                                                                                   
BLAKE                      2850 ACCOUNTING                   NEW YORK                                                                                                                                                                                                                                                                                                                                                                                                                                                                                                                                                   
CLARK                      2450 ACCOUNTING                   NEW YORK                                                                                                                                                                                                                                                                                                                                                                                                                                                                                                                                                   
SCOTT                      3000 ACCOUNTING                   NEW YORK                                                                                                                                                                                                                                                                                                                                                                                                                                                                                                                                                   
KING                       5000 ACCOUNTING                   NEW YORK                                                                                                                                                                                                                                                                                                                                                                                                                                                                                                                                                   
TURNER                     1500 ACCOUNTING                   NEW YORK                                                                                                                                                                                                                                                                                                                                                                                                                                                                                                                                                   
ADAMS                      1100 ACCOUNTING                   NEW YORK                                                                                                                                                                                                                                                                                                                                                                                                                                                                                                                                                   

ENAME                       SAL DNAME                        LOC                                                                                                                                                                                                                                                                                                                                                                                                                                                                                                                                                        
-------------------- ---------- ---------------------------- --------------------------                                                                                                                                                                                                                                                                                                                                                                                                                                                                                                                                 
JAMES                       950 ACCOUNTING                   NEW YORK                                                                                                                                                                                                                                                                                                                                                                                                                                                                                                                                                   
FORD                       3000 ACCOUNTING                   NEW YORK                                                                                                                                                                                                                                                                                                                                                                                                                                                                                                                                                   
MILLER                     1300 ACCOUNTING                   NEW YORK                                                                                                                                                                                                                                                                                                                                                                                                                                                                                                                                                   
SMITH                       800 RESEARCH                     DALLAS                                                                                                                                                                                                                                                                                                                                                                                                                                                                                                                                                     
ALLEN                      1600 RESEARCH                     DALLAS                                                                                                                                                                                                                                                                                                                                                                                                                                                                                                                                                     
WARD                       1250 RESEARCH                     DALLAS                                                                                                                                                                                                                                                                                                                                                                                                                                                                                                                                                     
JONES                      2975 RESEARCH                     DALLAS                                                                                                                                                                                                                                                                                                                                                                                                                                                                                                                                                     
MARTIN                     1250 RESEARCH                     DALLAS                                                                                                                                                                                                                                                                                                                                                                                                                                                                                                                                                     
BLAKE                      2850 RESEARCH                     DALLAS                                                                                                                                                                                                                                                                                                                                                                                                                                                                                                                                                     
CLARK                      2450 RESEARCH                     DALLAS                                                                                                                                                                                                                                                                                                                                                                                                                                                                                                                                                     
SCOTT                      3000 RESEARCH                     DALLAS                                                                                                                                                                                                                                                                                                                                                                                                                                                                                                                                                     

ENAME                       SAL DNAME                        LOC                                                                                                                                                                                                                                                                                                                                                                                                                                                                                                                                                        
-------------------- ---------- ---------------------------- --------------------------                                                                                                                                                                                                                                                                                                                                                                                                                                                                                                                                 
KING                       5000 RESEARCH                     DALLAS                                                                                                                                                                                                                                                                                                                                                                                                                                                                                                                                                     
TURNER                     1500 RESEARCH                     DALLAS                                                                                                                                                                                                                                                                                                                                                                                                                                                                                                                                                     
ADAMS                      1100 RESEARCH                     DALLAS                                                                                                                                                                                                                                                                                                                                                                                                                                                                                                                                                     
JAMES                       950 RESEARCH                     DALLAS                                                                                                                                                                                                                                                                                                                                                                                                                                                                                                                                                     
FORD                       3000 RESEARCH                     DALLAS                                                                                                                                                                                                                                                                                                                                                                                                                                                                                                                                                     
MILLER                     1300 RESEARCH                     DALLAS                                                                                                                                                                                                                                                                                                                                                                                                                                                                                                                                                     
SMITH                       800 SALES                        CHICAGO                                                                                                                                                                                                                                                                                                                                                                                                                                                                                                                                                    
ALLEN                      1600 SALES                        CHICAGO                                                                                                                                                                                                                                                                                                                                                                                                                                                                                                                                                    
WARD                       1250 SALES                        CHICAGO                                                                                                                                                                                                                                                                                                                                                                                                                                                                                                                                                    
JONES                      2975 SALES                        CHICAGO                                                                                                                                                                                                                                                                                                                                                                                                                                                                                                                                                    
MARTIN                     1250 SALES                        CHICAGO                                                                                                                                                                                                                                                                                                                                                                                                                                                                                                                                                    

ENAME                       SAL DNAME                        LOC                                                                                                                                                                                                                                                                                                                                                                                                                                                                                                                                                        
-------------------- ---------- ---------------------------- --------------------------                                                                                                                                                                                                                                                                                                                                                                                                                                                                                                                                 
BLAKE                      2850 SALES                        CHICAGO                                                                                                                                                                                                                                                                                                                                                                                                                                                                                                                                                    
CLARK                      2450 SALES                        CHICAGO                                                                                                                                                                                                                                                                                                                                                                                                                                                                                                                                                    
SCOTT                      3000 SALES                        CHICAGO                                                                                                                                                                                                                                                                                                                                                                                                                                                                                                                                                    
KING                       5000 SALES                        CHICAGO                                                                                                                                                                                                                                                                                                                                                                                                                                                                                                                                                    
TURNER                     1500 SALES                        CHICAGO                                                                                                                                                                                                                                                                                                                                                                                                                                                                                                                                                    
ADAMS                      1100 SALES                        CHICAGO                                                                                                                                                                                                                                                                                                                                                                                                                                                                                                                                                    
JAMES                       950 SALES                        CHICAGO                                                                                                                                                                                                                                                                                                                                                                                                                                                                                                                                                    
FORD                       3000 SALES                        CHICAGO                                                                                                                                                                                                                                                                                                                                                                                                                                                                                                                                                    
MILLER                     1300 SALES                        CHICAGO                                                                                                                                                                                                                                                                                                                                                                                                                                                                                                                                                    
SMITH                       800 OPERATIONS                   BOSTON                                                                                                                                                                                                                                                                                                                                                                                                                                                                                                                                                     
ALLEN                      1600 OPERATIONS                   BOSTON                                                                                                                                                                                                                                                                                                                                                                                                                                                                                                                                                     

ENAME                       SAL DNAME                        LOC                                                                                                                                                                                                                                                                                                                                                                                                                                                                                                                                                        
-------------------- ---------- ---------------------------- --------------------------                                                                                                                                                                                                                                                                                                                                                                                                                                                                                                                                 
WARD                       1250 OPERATIONS                   BOSTON                                                                                                                                                                                                                                                                                                                                                                                                                                                                                                                                                     
JONES                      2975 OPERATIONS                   BOSTON                                                                                                                                                                                                                                                                                                                                                                                                                                                                                                                                                     
MARTIN                     1250 OPERATIONS                   BOSTON                                                                                                                                                                                                                                                                                                                                                                                                                                                                                                                                                     
BLAKE                      2850 OPERATIONS                   BOSTON                                                                                                                                                                                                                                                                                                                                                                                                                                                                                                                                                     
CLARK                      2450 OPERATIONS                   BOSTON                                                                                                                                                                                                                                                                                                                                                                                                                                                                                                                                                     
SCOTT                      3000 OPERATIONS                   BOSTON                                                                                                                                                                                                                                                                                                                                                                                                                                                                                                                                                     
KING                       5000 OPERATIONS                   BOSTON                                                                                                                                                                                                                                                                                                                                                                                                                                                                                                                                                     
TURNER                     1500 OPERATIONS                   BOSTON                                                                                                                                                                                                                                                                                                                                                                                                                                                                                                                                                     
ADAMS                      1100 OPERATIONS                   BOSTON                                                                                                                                                                                                                                                                                                                                                                                                                                                                                                                                                     
JAMES                       950 OPERATIONS                   BOSTON                                                                                                                                                                                                                                                                                                                                                                                                                                                                                                                                                     
FORD                       3000 OPERATIONS                   BOSTON                                                                                                                                                                                                                                                                                                                                                                                                                                                                                                                                                     

ENAME                       SAL DNAME                        LOC                                                                                                                                                                                                                                                                                                                                                                                                                                                                                                                                                        
-------------------- ---------- ---------------------------- --------------------------                                                                                                                                                                                                                                                                                                                                                                                                                                                                                                                                 
MILLER                     1300 OPERATIONS                   BOSTON                                                                                                                                                                                                                                                                                                                                                                                                                                                                                                                                                     

56 rows selected.

SQL> SELECT ENAME,SAL,DNAME,LOC
  2  FROM EMP,DEPT
  3  WHERE EMP.DEPTNO = DEPT.DEPTNO;

ENAME                       SAL DNAME                        LOC                                                                                                                                                                                                                                                                                                                                                                                                                                                                                                                                                        
-------------------- ---------- ---------------------------- --------------------------                                                                                                                                                                                                                                                                                                                                                                                                                                                                                                                                 
SMITH                       800 RESEARCH                     DALLAS                                                                                                                                                                                                                                                                                                                                                                                                                                                                                                                                                     
ALLEN                      1600 SALES                        CHICAGO                                                                                                                                                                                                                                                                                                                                                                                                                                                                                                                                                    
WARD                       1250 SALES                        CHICAGO                                                                                                                                                                                                                                                                                                                                                                                                                                                                                                                                                    
JONES                      2975 RESEARCH                     DALLAS                                                                                                                                                                                                                                                                                                                                                                                                                                                                                                                                                     
MARTIN                     1250 SALES                        CHICAGO                                                                                                                                                                                                                                                                                                                                                                                                                                                                                                                                                    
BLAKE                      2850 SALES                        CHICAGO                                                                                                                                                                                                                                                                                                                                                                                                                                                                                                                                                    
CLARK                      2450 ACCOUNTING                   NEW YORK                                                                                                                                                                                                                                                                                                                                                                                                                                                                                                                                                   
SCOTT                      3000 RESEARCH                     DALLAS                                                                                                                                                                                                                                                                                                                                                                                                                                                                                                                                                     
KING                       5000 ACCOUNTING                   NEW YORK                                                                                                                                                                                                                                                                                                                                                                                                                                                                                                                                                   
TURNER                     1500 SALES                        CHICAGO                                                                                                                                                                                                                                                                                                                                                                                                                                                                                                                                                    
ADAMS                      1100 RESEARCH                     DALLAS                                                                                                                                                                                                                                                                                                                                                                                                                                                                                                                                                     

ENAME                       SAL DNAME                        LOC                                                                                                                                                                                                                                                                                                                                                                                                                                                                                                                                                        
-------------------- ---------- ---------------------------- --------------------------                                                                                                                                                                                                                                                                                                                                                                                                                                                                                                                                 
JAMES                       950 SALES                        CHICAGO                                                                                                                                                                                                                                                                                                                                                                                                                                                                                                                                                    
FORD                       3000 RESEARCH                     DALLAS                                                                                                                                                                                                                                                                                                                                                                                                                                                                                                                                                     
MILLER                     1300 ACCOUNTING                   NEW YORK                                                                                                                                                                                                                                                                                                                                                                                                                                                                                                                                                   

14 rows selected.

SQL> --문제 풀이 시작!!
SQL> SELECT *
  2  FROM DEPT, EMP
  3  WHERE EMP.DEPTNO = DEPT.DEPTNP;
WHERE EMP.DEPTNO = DEPT.DEPTNP
                   *
ERROR at line 3:
ORA-00904: "DEPT"."DEPTNP": invalid identifier 


SQL> ED
Wrote file afiedt.buf

  1  SELECT *
  2  FROM DEPT, EMP
  3* WHERE EMP.DEPTNO = DEPT.DEPTNO
SQL> /

    DEPTNO DNAME                        LOC                             EMPNO ENAME                JOB                       MGR HIREDATE        SAL       COMM     DEPTNO                                                                                                                                                                                                                                                                                                                                                                                                                                              
---------- ---------------------------- -------------------------- ---------- -------------------- ------------------ ---------- -------- ---------- ---------- ----------                                                                                                                                                                                                                                                                                                                                                                                                                                              
        20 RESEARCH                     DALLAS                           7369 SMITH                CLERK                    7902 80/12/17        800                    20                                                                                                                                                                                                                                                                                                                                                                                                                                              
        30 SALES                        CHICAGO                          7499 ALLEN                SALESMAN                 7698 81/02/20       1600        300         30                                                                                                                                                                                                                                                                                                                                                                                                                                              
        30 SALES                        CHICAGO                          7521 WARD                 SALESMAN                 7698 81/02/22       1250        500         30                                                                                                                                                                                                                                                                                                                                                                                                                                              
        20 RESEARCH                     DALLAS                           7566 JONES                MANAGER                  7839 81/04/02       2975                    20                                                                                                                                                                                                                                                                                                                                                                                                                                              
        30 SALES                        CHICAGO                          7654 MARTIN               SALESMAN                 7698 81/09/28       1250       1400         30                                                                                                                                                                                                                                                                                                                                                                                                                                              
        30 SALES                        CHICAGO                          7698 BLAKE                MANAGER                  7839 81/05/01       2850                    30                                                                                                                                                                                                                                                                                                                                                                                                                                              
        10 ACCOUNTING                   NEW YORK                         7782 CLARK                MANAGER                  7839 81/06/09       2450                    10                                                                                                                                                                                                                                                                                                                                                                                                                                              
        20 RESEARCH                     DALLAS                           7788 SCOTT                ANALYST                  7566 87/04/19       3000                    20                                                                                                                                                                                                                                                                                                                                                                                                                                              
        10 ACCOUNTING                   NEW YORK                         7839 KING                 PRESIDENT                     81/11/17       5000                    10                                                                                                                                                                                                                                                                                                                                                                                                                                              
        30 SALES                        CHICAGO                          7844 TURNER               SALESMAN                 7698 81/09/08       1500          0         30                                                                                                                                                                                                                                                                                                                                                                                                                                              
        20 RESEARCH                     DALLAS                           7876 ADAMS                CLERK                    7788 87/05/23       1100                    20                                                                                                                                                                                                                                                                                                                                                                                                                                              

    DEPTNO DNAME                        LOC                             EMPNO ENAME                JOB                       MGR HIREDATE        SAL       COMM     DEPTNO                                                                                                                                                                                                                                                                                                                                                                                                                                              
---------- ---------------------------- -------------------------- ---------- -------------------- ------------------ ---------- -------- ---------- ---------- ----------                                                                                                                                                                                                                                                                                                                                                                                                                                              
        30 SALES                        CHICAGO                          7900 JAMES                CLERK                    7698 81/12/03        950                    30                                                                                                                                                                                                                                                                                                                                                                                                                                              
        20 RESEARCH                     DALLAS                           7902 FORD                 ANALYST                  7566 81/12/03       3000                    20                                                                                                                                                                                                                                                                                                                                                                                                                                              
        10 ACCOUNTING                   NEW YORK                         7934 MILLER               CLERK                    7782 82/01/23       1300                    10                                                                                                                                                                                                                                                                                                                                                                                                                                              

14 rows selected.

SQL> ED
Wrote file afiedt.buf

  1  SELECT *
  2  FROM DEPT, EMP
  3* WHERE EMP.DEPTNO = DEPT.DEPTNO
SQL> ;
  1  SELECT *
  2  FROM DEPT, EMP
  3* WHERE EMP.DEPTNO = DEPT.DEPTNO
SQL> ;
  1  SELECT *
  2  FROM DEPT, EMP
  3* WHERE EMP.DEPTNO = DEPT.DEPTNO
SQL> ;/
SP2-0042: unknown command ";/" - rest of line ignored.
SQL> SELECT * FROM DEPT;

    DEPTNO DNAME                        LOC                                                                                                                                                                                                                                                                                                                                                                                                                                                                                                                                                                             
---------- ---------------------------- --------------------------                                                                                                                                                                                                                                                                                                                                                                                                                                                                                                                                                      
        10 ACCOUNTING                   NEW YORK                                                                                                                                                                                                                                                                                                                                                                                                                                                                                                                                                                        
        20 RESEARCH                     DALLAS                                                                                                                                                                                                                                                                                                                                                                                                                                                                                                                                                                          
        30 SALES                        CHICAGO                                                                                                                                                                                                                                                                                                                                                                                                                                                                                                                                                                         
        40 OPERATIONS                   BOSTON                                                                                                                                                                                                                                                                                                                                                                                                                                                                                                                                                                          

SQL> SELECT * FROM EMP;

     EMPNO ENAME                JOB                       MGR HIREDATE        SAL       COMM     DEPTNO                                                                                                                                                                                                                                                                                                                                                                                                                                                                                                                 
---------- -------------------- ------------------ ---------- -------- ---------- ---------- ----------                                                                                                                                                                                                                                                                                                                                                                                                                                                                                                                 
      7369 SMITH                CLERK                    7902 80/12/17        800                    20                                                                                                                                                                                                                                                                                                                                                                                                                                                                                                                 
      7499 ALLEN                SALESMAN                 7698 81/02/20       1600        300         30                                                                                                                                                                                                                                                                                                                                                                                                                                                                                                                 
      7521 WARD                 SALESMAN                 7698 81/02/22       1250        500         30                                                                                                                                                                                                                                                                                                                                                                                                                                                                                                                 
      7566 JONES                MANAGER                  7839 81/04/02       2975                    20                                                                                                                                                                                                                                                                                                                                                                                                                                                                                                                 
      7654 MARTIN               SALESMAN                 7698 81/09/28       1250       1400         30                                                                                                                                                                                                                                                                                                                                                                                                                                                                                                                 
      7698 BLAKE                MANAGER                  7839 81/05/01       2850                    30                                                                                                                                                                                                                                                                                                                                                                                                                                                                                                                 
      7782 CLARK                MANAGER                  7839 81/06/09       2450                    10                                                                                                                                                                                                                                                                                                                                                                                                                                                                                                                 
      7788 SCOTT                ANALYST                  7566 87/04/19       3000                    20                                                                                                                                                                                                                                                                                                                                                                                                                                                                                                                 
      7839 KING                 PRESIDENT                     81/11/17       5000                    10                                                                                                                                                                                                                                                                                                                                                                                                                                                                                                                 
      7844 TURNER               SALESMAN                 7698 81/09/08       1500          0         30                                                                                                                                                                                                                                                                                                                                                                                                                                                                                                                 
      7876 ADAMS                CLERK                    7788 87/05/23       1100                    20                                                                                                                                                                                                                                                                                                                                                                                                                                                                                                                 

     EMPNO ENAME                JOB                       MGR HIREDATE        SAL       COMM     DEPTNO                                                                                                                                                                                                                                                                                                                                                                                                                                                                                                                 
---------- -------------------- ------------------ ---------- -------- ---------- ---------- ----------                                                                                                                                                                                                                                                                                                                                                                                                                                                                                                                 
      7900 JAMES                CLERK                    7698 81/12/03        950                    30                                                                                                                                                                                                                                                                                                                                                                                                                                                                                                                 
      7902 FORD                 ANALYST                  7566 81/12/03       3000                    20                                                                                                                                                                                                                                                                                                                                                                                                                                                                                                                 
      7934 MILLER               CLERK                    7782 82/01/23       1300                    10                                                                                                                                                                                                                                                                                                                                                                                                                                                                                                                 

14 rows selected.

SQL> SELECT ENAME, SAL, HIREDATE, DNAME, LOC
  2  FROM DEPT,EMP
  3  WHERE SAL >2500;

ENAME                       SAL HIREDATE DNAME                        LOC                                                                                                                                                                                                                                                                                                                                                                                                                                                                                                                                               
-------------------- ---------- -------- ---------------------------- --------------------------                                                                                                                                                                                                                                                                                                                                                                                                                                                                                                                        
JONES                      2975 81/04/02 ACCOUNTING                   NEW YORK                                                                                                                                                                                                                                                                                                                                                                                                                                                                                                                                          
BLAKE                      2850 81/05/01 ACCOUNTING                   NEW YORK                                                                                                                                                                                                                                                                                                                                                                                                                                                                                                                                          
SCOTT                      3000 87/04/19 ACCOUNTING                   NEW YORK                                                                                                                                                                                                                                                                                                                                                                                                                                                                                                                                          
KING                       5000 81/11/17 ACCOUNTING                   NEW YORK                                                                                                                                                                                                                                                                                                                                                                                                                                                                                                                                          
FORD                       3000 81/12/03 ACCOUNTING                   NEW YORK                                                                                                                                                                                                                                                                                                                                                                                                                                                                                                                                          
JONES                      2975 81/04/02 RESEARCH                     DALLAS                                                                                                                                                                                                                                                                                                                                                                                                                                                                                                                                            
BLAKE                      2850 81/05/01 RESEARCH                     DALLAS                                                                                                                                                                                                                                                                                                                                                                                                                                                                                                                                            
SCOTT                      3000 87/04/19 RESEARCH                     DALLAS                                                                                                                                                                                                                                                                                                                                                                                                                                                                                                                                            
KING                       5000 81/11/17 RESEARCH                     DALLAS                                                                                                                                                                                                                                                                                                                                                                                                                                                                                                                                            
FORD                       3000 81/12/03 RESEARCH                     DALLAS                                                                                                                                                                                                                                                                                                                                                                                                                                                                                                                                            
JONES                      2975 81/04/02 SALES                        CHICAGO                                                                                                                                                                                                                                                                                                                                                                                                                                                                                                                                           

ENAME                       SAL HIREDATE DNAME                        LOC                                                                                                                                                                                                                                                                                                                                                                                                                                                                                                                                               
-------------------- ---------- -------- ---------------------------- --------------------------                                                                                                                                                                                                                                                                                                                                                                                                                                                                                                                        
BLAKE                      2850 81/05/01 SALES                        CHICAGO                                                                                                                                                                                                                                                                                                                                                                                                                                                                                                                                           
SCOTT                      3000 87/04/19 SALES                        CHICAGO                                                                                                                                                                                                                                                                                                                                                                                                                                                                                                                                           
KING                       5000 81/11/17 SALES                        CHICAGO                                                                                                                                                                                                                                                                                                                                                                                                                                                                                                                                           
FORD                       3000 81/12/03 SALES                        CHICAGO                                                                                                                                                                                                                                                                                                                                                                                                                                                                                                                                           
JONES                      2975 81/04/02 OPERATIONS                   BOSTON                                                                                                                                                                                                                                                                                                                                                                                                                                                                                                                                            
BLAKE                      2850 81/05/01 OPERATIONS                   BOSTON                                                                                                                                                                                                                                                                                                                                                                                                                                                                                                                                            
SCOTT                      3000 87/04/19 OPERATIONS                   BOSTON                                                                                                                                                                                                                                                                                                                                                                                                                                                                                                                                            
KING                       5000 81/11/17 OPERATIONS                   BOSTON                                                                                                                                                                                                                                                                                                                                                                                                                                                                                                                                            
FORD                       3000 81/12/03 OPERATIONS                   BOSTON                                                                                                                                                                                                                                                                                                                                                                                                                                                                                                                                            

20 rows selected.

SQL> SELECT
  2  FROM EMP,DEPT
  3  WHERE SAL >2500, EMP.DEPTNO = DEPT.DEPTNO;
FROM EMP,DEPT
*
ERROR at line 2:
ORA-00936: missing expression 


SQL> ED
Wrote file afiedt.buf

  1  SELECT ENAME,SAL,HIREDATE,LOC,DNAME
  2  FROM EMP,DEPT
  3* WHERE SAL >2500, EMP.DEPTNO = DEPT.DEPTNO
SQL> /
WHERE SAL >2500, EMP.DEPTNO = DEPT.DEPTNO
               *
ERROR at line 3:
ORA-00933: SQL command not properly ended 


SQL> ED
Wrote file afiedt.buf

  1  SELECT ENAME,SAL,HIREDATE,LOC,DNAME
  2  FROM EMP,DEPT
  3* WHERE  EMP.DEPTNO = DEPT.DEPTNO AND SAL > 2500;
SQL> /
WHERE  EMP.DEPTNO = DEPT.DEPTNO AND SAL > 2500;
                                              *
ERROR at line 3:
ORA-00911: invalid character 


SQL> SELECT
  2  /
SELECT
     *
ERROR at line 1:
ORA-00936: missing expression 


SQL> ;
  1* SELECT
SQL> SELECT ENAME,SAL,HIREDATE,DNAME,LOC
  2  FROM EMP,DEPT
  3  WHERE EMP.DEPTNO = DEPT.DEPTNO AND SAL > 2500;

ENAME                       SAL HIREDATE DNAME                        LOC                                                                                                                                                                                                                                                                                                                                                                                                                                                                                                                                               
-------------------- ---------- -------- ---------------------------- --------------------------                                                                                                                                                                                                                                                                                                                                                                                                                                                                                                                        
JONES                      2975 81/04/02 RESEARCH                     DALLAS                                                                                                                                                                                                                                                                                                                                                                                                                                                                                                                                            
BLAKE                      2850 81/05/01 SALES                        CHICAGO                                                                                                                                                                                                                                                                                                                                                                                                                                                                                                                                           
SCOTT                      3000 87/04/19 RESEARCH                     DALLAS                                                                                                                                                                                                                                                                                                                                                                                                                                                                                                                                            
KING                       5000 81/11/17 ACCOUNTING                   NEW YORK                                                                                                                                                                                                                                                                                                                                                                                                                                                                                                                                          
FORD                       3000 81/12/03 RESEARCH                     DALLAS                                                                                                                                                                                                                                                                                                                                                                                                                                                                                                                                            

SQL> SELECT ENAME,SAL,COMM,DNAME
  2  FROM DEPT, EMP
  3  WHERE COMM IS NOT NULL AND DEPT.DEPTNO = EMP.DEPTNO;

ENAME                       SAL       COMM DNAME                                                                                                                                                                                                                                                                                                                                                                                                                                                                                                                                                                        
-------------------- ---------- ---------- ----------------------------                                                                                                                                                                                                                                                                                                                                                                                                                                                                                                                                                 
ALLEN                      1600        300 SALES                                                                                                                                                                                                                                                                                                                                                                                                                                                                                                                                                                        
WARD                       1250        500 SALES                                                                                                                                                                                                                                                                                                                                                                                                                                                                                                                                                                        
MARTIN                     1250       1400 SALES                                                                                                                                                                                                                                                                                                                                                                                                                                                                                                                                                                        
TURNER                     1500          0 SALES                                                                                                                                                                                                                                                                                                                                                                                                                                                                                                                                                                        

SQL> SELECT ENAME,SAL,COMM,DEPTNO
  2  FROM EMP E, DEPT D
  3  WHERE E.DEPTNO = D.DEPTNO AND COMM IS NOT NULL;
SELECT ENAME,SAL,COMM,DEPTNO
                      *
ERROR at line 1:
ORA-00918: column ambiguously defined 


SQL> ED
Wrote file afiedt.buf

  1  SELECT ENAME,SAL,COMM,DNAME
  2  FROM EMP E, DEPT D
  3* WHERE E.DEPTNO = D.DEPTNO AND COMM IS NOT NULL
SQL> /

ENAME                       SAL       COMM DNAME                                                                                                                                                                                                                                                                                                                                                                                                                                                                                                                                                                        
-------------------- ---------- ---------- ----------------------------                                                                                                                                                                                                                                                                                                                                                                                                                                                                                                                                                 
TURNER                     1500          0 SALES                                                                                                                                                                                                                                                                                                                                                                                                                                                                                                                                                                        
MARTIN                     1250       1400 SALES                                                                                                                                                                                                                                                                                                                                                                                                                                                                                                                                                                        
WARD                       1250        500 SALES                                                                                                                                                                                                                                                                                                                                                                                                                                                                                                                                                                        
ALLEN                      1600        300 SALES                                                                                                                                                                                                                                                                                                                                                                                                                                                                                                                                                                        

SQL> SELECT ENAME,SAL,DNAME,LOC
  2  FROM EMP E, DEPT D
  3  WHERE E.DEPTNO = D.DEPTNO
  4  AND E.DEPTNO = (SELECT E.DEPTNO FROM EMP WHERE ENAME = 'SCOTT');

ENAME                       SAL DNAME                        LOC                                                                                                                                                                                                                                                                                                                                                                                                                                                                                                                                                        
-------------------- ---------- ---------------------------- --------------------------                                                                                                                                                                                                                                                                                                                                                                                                                                                                                                                                 
SMITH                       800 RESEARCH                     DALLAS                                                                                                                                                                                                                                                                                                                                                                                                                                                                                                                                                     
ALLEN                      1600 SALES                        CHICAGO                                                                                                                                                                                                                                                                                                                                                                                                                                                                                                                                                    
WARD                       1250 SALES                        CHICAGO                                                                                                                                                                                                                                                                                                                                                                                                                                                                                                                                                    
JONES                      2975 RESEARCH                     DALLAS                                                                                                                                                                                                                                                                                                                                                                                                                                                                                                                                                     
MARTIN                     1250 SALES                        CHICAGO                                                                                                                                                                                                                                                                                                                                                                                                                                                                                                                                                    
BLAKE                      2850 SALES                        CHICAGO                                                                                                                                                                                                                                                                                                                                                                                                                                                                                                                                                    
CLARK                      2450 ACCOUNTING                   NEW YORK                                                                                                                                                                                                                                                                                                                                                                                                                                                                                                                                                   
SCOTT                      3000 RESEARCH                     DALLAS                                                                                                                                                                                                                                                                                                                                                                                                                                                                                                                                                     
KING                       5000 ACCOUNTING                   NEW YORK                                                                                                                                                                                                                                                                                                                                                                                                                                                                                                                                                   
TURNER                     1500 SALES                        CHICAGO                                                                                                                                                                                                                                                                                                                                                                                                                                                                                                                                                    
ADAMS                      1100 RESEARCH                     DALLAS                                                                                                                                                                                                                                                                                                                                                                                                                                                                                                                                                     

ENAME                       SAL DNAME                        LOC                                                                                                                                                                                                                                                                                                                                                                                                                                                                                                                                                        
-------------------- ---------- ---------------------------- --------------------------                                                                                                                                                                                                                                                                                                                                                                                                                                                                                                                                 
JAMES                       950 SALES                        CHICAGO                                                                                                                                                                                                                                                                                                                                                                                                                                                                                                                                                    
FORD                       3000 RESEARCH                     DALLAS                                                                                                                                                                                                                                                                                                                                                                                                                                                                                                                                                     
MILLER                     1300 ACCOUNTING                   NEW YORK                                                                                                                                                                                                                                                                                                                                                                                                                                                                                                                                                   

14 rows selected.

SQL> ED
Wrote file afiedt.buf

  1  SELECT ENAME, SAL, DNAME, LOC
  2  FROM EMP E, DEPT D
  3  WHERE E.DEPTNO = D.DEPTNO
  4*   AND E.DEPTNO = (SELECT DEPTNO FROM EMP WHERE ENAME = 'SCOTT');
SQL> SELECT ENAME, SAL, DNAME, LOC
  2  FROM EMP E, DEPT D
  3  WHERE E.DEPTNO = D.DEPTNO
  4    AND E.DEPTNO = (SELECT DEPTNO FROM EMP WHERE ENAME = 'SCOTT');

ENAME                       SAL DNAME                        LOC                                                                                                                                                                                                                                                                                                                                                                                                                                                                                                                                                        
-------------------- ---------- ---------------------------- --------------------------                                                                                                                                                                                                                                                                                                                                                                                                                                                                                                                                 
SMITH                       800 RESEARCH                     DALLAS                                                                                                                                                                                                                                                                                                                                                                                                                                                                                                                                                     
JONES                      2975 RESEARCH                     DALLAS                                                                                                                                                                                                                                                                                                                                                                                                                                                                                                                                                     
SCOTT                      3000 RESEARCH                     DALLAS                                                                                                                                                                                                                                                                                                                                                                                                                                                                                                                                                     
ADAMS                      1100 RESEARCH                     DALLAS                                                                                                                                                                                                                                                                                                                                                                                                                                                                                                                                                     
FORD                       3000 RESEARCH                     DALLAS                                                                                                                                                                                                                                                                                                                                                                                                                                                                                                                                                     

SQL> /

ENAME                       SAL DNAME                        LOC                                                                                                                                                                                                                                                                                                                                                                                                                                                                                                                                                        
-------------------- ---------- ---------------------------- --------------------------                                                                                                                                                                                                                                                                                                                                                                                                                                                                                                                                 
SMITH                       800 RESEARCH                     DALLAS                                                                                                                                                                                                                                                                                                                                                                                                                                                                                                                                                     
JONES                      2975 RESEARCH                     DALLAS                                                                                                                                                                                                                                                                                                                                                                                                                                                                                                                                                     
SCOTT                      3000 RESEARCH                     DALLAS                                                                                                                                                                                                                                                                                                                                                                                                                                                                                                                                                     
ADAMS                      1100 RESEARCH                     DALLAS                                                                                                                                                                                                                                                                                                                                                                                                                                                                                                                                                     
FORD                       3000 RESEARCH                     DALLAS                                                                                                                                                                                                                                                                                                                                                                                                                                                                                                                                                     

SQL> SELECT ENAME,SAL,DNAME,LOC
  2  FROM EMP E,DEPT D
  3  WHERE E.DEPTNO = D.DEPTNO
  4  AND E.DEPTNO = (SELECT E.DEPTNO FROM EMP WHERE ENMAE = 'SCOTT');
AND E.DEPTNO = (SELECT E.DEPTNO FROM EMP WHERE ENMAE = 'SCOTT')
                                               *
ERROR at line 4:
ORA-00904: "ENMAE": invalid identifier 


SQL> ED
Wrote file afiedt.buf

  1  SELECT ENAME,SAL,DNAME,LOC
  2  FROM EMP E,DEPT D
  3  WHERE E.DEPTNO = D.DEPTNO
  4* AND E.DEPTNO = (SELECT E.DEPTNO FROM EMP WHERE ENAME = 'SCOTT')
SQL> /

ENAME                       SAL DNAME                        LOC                                                                                                                                                                                                                                                                                                                                                                                                                                                                                                                                                        
-------------------- ---------- ---------------------------- --------------------------                                                                                                                                                                                                                                                                                                                                                                                                                                                                                                                                 
SMITH                       800 RESEARCH                     DALLAS                                                                                                                                                                                                                                                                                                                                                                                                                                                                                                                                                     
ALLEN                      1600 SALES                        CHICAGO                                                                                                                                                                                                                                                                                                                                                                                                                                                                                                                                                    
WARD                       1250 SALES                        CHICAGO                                                                                                                                                                                                                                                                                                                                                                                                                                                                                                                                                    
JONES                      2975 RESEARCH                     DALLAS                                                                                                                                                                                                                                                                                                                                                                                                                                                                                                                                                     
MARTIN                     1250 SALES                        CHICAGO                                                                                                                                                                                                                                                                                                                                                                                                                                                                                                                                                    
BLAKE                      2850 SALES                        CHICAGO                                                                                                                                                                                                                                                                                                                                                                                                                                                                                                                                                    
CLARK                      2450 ACCOUNTING                   NEW YORK                                                                                                                                                                                                                                                                                                                                                                                                                                                                                                                                                   
SCOTT                      3000 RESEARCH                     DALLAS                                                                                                                                                                                                                                                                                                                                                                                                                                                                                                                                                     
KING                       5000 ACCOUNTING                   NEW YORK                                                                                                                                                                                                                                                                                                                                                                                                                                                                                                                                                   
TURNER                     1500 SALES                        CHICAGO                                                                                                                                                                                                                                                                                                                                                                                                                                                                                                                                                    
ADAMS                      1100 RESEARCH                     DALLAS                                                                                                                                                                                                                                                                                                                                                                                                                                                                                                                                                     

ENAME                       SAL DNAME                        LOC                                                                                                                                                                                                                                                                                                                                                                                                                                                                                                                                                        
-------------------- ---------- ---------------------------- --------------------------                                                                                                                                                                                                                                                                                                                                                                                                                                                                                                                                 
JAMES                       950 SALES                        CHICAGO                                                                                                                                                                                                                                                                                                                                                                                                                                                                                                                                                    
FORD                       3000 RESEARCH                     DALLAS                                                                                                                                                                                                                                                                                                                                                                                                                                                                                                                                                     
MILLER                     1300 ACCOUNTING                   NEW YORK                                                                                                                                                                                                                                                                                                                                                                                                                                                                                                                                                   

14 rows selected.

SQL> ED
Wrote file afiedt.buf

  1  SELECT ENAME,SAL,DNAME,LOC
  2  FROM EMP E,DEPT D
  3  WHERE E.DEPTNO = D.DEPTNO
  4* AND E.DEPTNO = (SELECT DEPTNO FROM EMP WHERE ENAME = 'SCOTT')
SQL> 
SQL> /

ENAME                       SAL DNAME                        LOC                                                                                                                                                                                                                                                                                                                                                                                                                                                                                                                                                        
-------------------- ---------- ---------------------------- --------------------------                                                                                                                                                                                                                                                                                                                                                                                                                                                                                                                                 
SMITH                       800 RESEARCH                     DALLAS                                                                                                                                                                                                                                                                                                                                                                                                                                                                                                                                                     
JONES                      2975 RESEARCH                     DALLAS                                                                                                                                                                                                                                                                                                                                                                                                                                                                                                                                                     
SCOTT                      3000 RESEARCH                     DALLAS                                                                                                                                                                                                                                                                                                                                                                                                                                                                                                                                                     
ADAMS                      1100 RESEARCH                     DALLAS                                                                                                                                                                                                                                                                                                                                                                                                                                                                                                                                                     
FORD                       3000 RESEARCH                     DALLAS                                                                                                                                                                                                                                                                                                                                                                                                                                                                                                                                                     

SQL> --고객을 정의하자
SQL> CREATE TABLE CUSTOMER(
  2  CUSTOMER_ID NUMBER PRIMARY KEY
  3  , CUSTOMER_NAME VARCHAR2(20)
  4  ,PHONE VARCHAR2(16)
  5  );

Table created.

SQL> CREATE SEQUENCE SEQ_CUSTOMER
  2  INCRESMENT BY 1
  3  START WITH 1
  4  ;
INCRESMENT BY 1
*
ERROR at line 2:
ORA-00933: SQL command not properly ended 


SQL> CONN SYSTEM/1234
Connected.
SQL> GRANT CREATE SEQUENCE TO JAVA;

Grant succeeded.

SQL> CONN JAVA/1234
Connected.
SQL> CREATE SEQUENCE SEQ_CUSTOMER
  2  INCREMENT BY 1
  3  START WITH 1;

Sequence created.

SQL> SPOOL OFF
